title,description,publishedAt,source
The SEC Is Crashing the Digital Stocks Party,Commissioner Hester Peirce's stark warning: blockchain doesn't magically erase old investment rules.,2025-07-10T13:20:28Z,Gizmodo.com
The Meme Stocks Are Back and May Have Found Their New ‘Roaring Kitty’,A Toronto hedge fund manager just accidentally sparked the latest meme stock frenzy.,2025-07-25T20:30:57Z,Gizmodo.com
The End of the Stock Market As We Know It,"Startups and Wall Street giants alike are racing to turn stocks, bonds, and real estate into crypto-like tokens. We asked an expert to break down what that means for your money.",2025-07-07T21:38:31Z,Gizmodo.com
"Wall Street’s AI Bubble Is Worse Than the 1999 Dot-com Bubble, Warns a Top Economist",A chief economist at investment giant Apollo says the top ten AI stocks are more detached from reality than the tech titans of the 1990s were. His chart is a stark warning that history is about to repeat itself.,2025-07-17T13:00:10Z,Gizmodo.com
Google stocks 'featured notebooks' on NotebookLM shelves for curated topics,Learning and understanding continue to advance for this research notebook app.,2025-07-14T20:07:00Z,Android Central
"Novice investors are told to stick with ETFs, but one market legend makes the case for stock-picking",Want to try your luck investing in individual stocks? Investing legend Rob Arnott says go for it.,2025-07-25T09:45:01Z,Business Insider
New Strong Sell Stocks for July 7th,"ARKAY, AAL and COLD have been added to the Zacks Rank #5 (Strong Sell) List on July 7, 2025.",2025-07-07T10:41:00Z,Yahoo Entertainment
3 Market-Beating Stocks with Competitive Advantages,"Stocks that outperform the market usually share key traits such as rising sales, expanding margins, and increasing returns on capital. The select few that...",2025-07-04T04:32:59Z,Yahoo Entertainment
New Strong Sell Stocks for July 11th,,2025-07-11T10:06:00Z,Yahoo Entertainment
3 Soaring Tech Stocks With Amazing Dividends,,2025-07-25T07:04:00Z,Yahoo Entertainment
The DORKs are popular this week. Here's the new class of meme stocks retail traders are pumping to the moon.,"Meme stocks are back. Jolted by a sudden surge in Opendoor stock last week, a handful of other shares have ripped higher on interest from retail traders.",2025-07-23T15:18:23Z,Business Insider
Top strategist Vincent Deluard predicts a summer slump in stocks — but says 'recessions have been canceled',"StoneX's Vincent Deluard told BI he expects stocks to tumble as tariffs bite and interest-rate cuts are pushed back, but he ruled out a recession.",2025-07-25T09:00:01Z,Business Insider
Delta hits record profits and airline stocks bounce as passengers trade economy for luxury,"Delta Air Lines posted record revenues on Thursday. Main cabin revenue fell 5%, but rose 5% for premium products as post-pandemic trends continue.",2025-07-11T11:36:02Z,Business Insider
Best Growth Stocks to Buy for June 30th,,2025-06-30T09:56:00Z,Yahoo Entertainment
2 Bargain Stocks That Could Double Your Money,,2025-07-26T09:36:00Z,Yahoo Entertainment
Veteran analyst sends blunt message on what's next for stocks,,2025-07-01T18:47:00Z,Yahoo Entertainment
3 Top Dividend Stocks to Maximize Your Retirement Income,,2025-07-11T13:10:02Z,Yahoo Entertainment
3 Dividend Stocks To Consider With Up To 7.2% Yield,"As U.S. markets navigate the complexities of trade tensions and potential tariff reimpositions, investors are keeping a close watch on the Dow Jones, S&P 500...",2025-07-07T17:31:47Z,Yahoo Entertainment
3 Oilfield Stocks Well Poised to Gain Despite Industry Woes,"Strict capital discipline by upstream energy companies is acting as a dampener, making the outlook for the Zacks Oil and Gas- Field Services industry gloomy....",2025-07-08T14:50:00Z,Yahoo Entertainment
Goldman Highlights Two Chip Stocks To Watch Beyond Nvidia,Goldman Sachs spots AI winners in custom silicon,2025-07-16T14:18:05Z,Yahoo Entertainment
3 AI-Driven Medical Device Stocks to Watch in 2025,,2025-07-11T12:00:00Z,Yahoo Entertainment
Are These Stocks the Next FANG? Jim Cramer Thinks So,,2025-07-22T15:26:19Z,Yahoo Entertainment
"Stock-Tracking Tokens Debut With Price Chaos, Amazon Token Spikes 100x","Digital tokens designed to track popular stocks have suffered extreme price deviations since launching two weeks ago, with an Amazon-tracking token briefly spiking to more than 100 times the underlying stock's closing price. The token AMZNX hit $23,781.22 on …",2025-07-16T15:22:00Z,Slashdot.org
"Why a 'garbage rally' powered by junk stocks could explain quant hedge funds' no good, very bad summer",Computer-driven hedge funds like Qube and Point72's Cubist have posted losses. Executives and experts have theories on why.,2025-07-25T21:18:21Z,Business Insider
This Democratic Senate candidate says he's made a 60% return from copying the Pelosi family's stock trades,"JD Scholten, a Democratic state legislator running for US Senate in Iowa, said in a disclosure that he invested in the fund ""partly as a joke.""",2025-07-14T20:31:44Z,Business Insider
Stocks usually rise by 10% a year. Those days may be over.,The stock market usually rises by 10% a year. So why do many forecasters think it will be flat in 2025?,2025-06-28T09:03:52Z,USA Today
The stock market's biggest bet is setting investors up for a smackdown,,2025-07-07T08:04:01Z,Business Insider
TSX dividend stocks: CIBC predicts 'powerful' exodus from GICs through 2025,"The bank predicts a ""powerful fund flow"" from GICs will continue to migrate to high dividend-yielding Canadian stocks.",2025-07-10T14:45:12Z,Yahoo Entertainment
Are You a Growth Investor? This 1 Stock Could Be the Perfect Pick,The Zacks Style Scores offers investors a way to easily find top-rated stocks based on their investing style. Here's why you should take advantage.,2025-07-11T13:45:02Z,Yahoo Entertainment
Microsoft (MSFT) Gets $600 Price Target—Oppenheimer Calls It a Long-Term AI Winner,"Microsoft Corporation (NASDAQ:MSFT) is one of the AI Stocks Making Waves on Wall Street. On July 9, Oppenheimer upgraded the stock to “Outperform” from...",2025-07-11T10:41:21Z,Yahoo Entertainment
Joby Aviation (JOBY) Extends Gains on 3rd Day Ahead of Q2; Investors Cheer Expansion Plans,"We recently published 10 Stocks Exploding Higher: Bitcoin Miners Dominate the List. Joby Aviation, Inc. (NYSE:JOBY) is one of Wednesday’s top performers...",2025-07-17T19:55:27Z,Yahoo Entertainment
Why This 1 Growth Stock Could Be a Great Addition to Your Portfolio,The Zacks Style Scores offers investors a way to easily find top-rated stocks based on their investing style. Here's why you should take advantage.,2025-06-30T13:45:09Z,Yahoo Entertainment
Why some see the dollar's drop as a sign America is losing its financial might,The dollar has just posted its worst first-half of a year since 1973. And now investors wonder — is it a sign that America is losing its financial standing?,2025-07-07T10:00:00Z,NPR
3 AI Stocks Up 14% to 19% in 2025 That Should Continue Moving Higher,,2025-06-29T11:00:00Z,Yahoo Entertainment
Jim Cramer on Robinhood: “One of the Greatest Stocks of Our Era”,,2025-07-02T06:25:13Z,Yahoo Entertainment
Looking to Generate Passive Income? Consider These 3 Rock-Solid Dividend King Stocks,,2025-07-09T11:15:00Z,Yahoo Entertainment
Chinese investors snap up stocks on hopes for an end to price wars and overcapacity,China’s stock market is buzzing over government promises to tackle price wars that have hurt profits and worsened global trade tensions.  The prevailing...,2025-07-21T05:42:58Z,Yahoo Entertainment
3 Absurdly Cheap Growth Stocks to Load Up On Right Now,,2025-07-15T07:33:00Z,Yahoo Entertainment
"MP Materials, USA Rare Earth Stocks Drop on US-China Deal",,2025-06-27T14:12:53Z,Yahoo Entertainment
"3 Brilliant Stocks That Could Soar by 39% to 80%, According to Wall Street",,2025-06-28T12:00:00Z,Yahoo Entertainment
Asian Market Gems: 3 Stocks That Might Be Undervalued In July 2025,"As global markets experience mixed performances, with the U.S. indices reaching record highs and Asian markets showing varied results, investors are...",2025-07-06T22:34:12Z,Yahoo Entertainment
Top AI Stocks to Add to Your Portfolio for Impressive Returns,,2025-07-03T17:34:00Z,Yahoo Entertainment
These 2 Aerospace Stocks Could Beat Earnings: Why They Should Be on Your Radar,,2025-07-11T13:00:02Z,Yahoo Entertainment
3 Stocks Estimated To Be Undervalued By Up To 27.5% Offering Investment Opportunities,"As the U.S. stock market experiences fluctuations amid tariff threats and economic uncertainty, investors are keenly observing potential opportunities in...",2025-07-11T17:37:53Z,Yahoo Entertainment
3 Ultra-High-Yield Dividend Stocks I Don't Plan on Ever Selling,,2025-07-26T08:41:00Z,Yahoo Entertainment
Why Investors Need to Take Advantage of These 2 Finance Stocks Now,Investors looking for ways to find stocks that are set to beat quarterly earnings estimates should check out the Zacks Earnings ESP.,2025-07-04T13:00:03Z,Yahoo Entertainment
"European stocks' 2025 outperformance is over, but don't forget the euro",,2025-07-07T08:22:10Z,Yahoo Entertainment
3 Stocks Estimated To Be Trading At A Discount Of Up To 25.8%,"Over the last 7 days, the United States market has remained flat, yet it has shown an impressive 11% increase over the past year with earnings forecasted to ...",2025-07-14T11:37:51Z,Yahoo Entertainment
Wall St slips with Asia stocks as US trade policy confounds,,2025-07-14T00:22:39Z,Yahoo Entertainment
2 Reliable Dividend Stocks With Yields Above 6% That You Can Buy With $100 Right Now,,2025-07-19T08:27:00Z,Yahoo Entertainment
